predicted_at,gp,driver,team_id,grid,predicted_position,points_probability,actual_position,scored_at,win_probability,podium_probability
2026-09-27T21:40:41.062664+00:00,Azerbaijan Grand Prix,NOR,mclaren,5.0,1,0.983477854869747,19.0,2026-10-05T21:22:48.820908+00:00,,
2026-09-27T21:40:41.062664+00:00,Azerbaijan Grand Prix,HAD,red_bull,4.0,2,0.9874500725247628,3.0,2026-10-05T21:22:48.820908+00:00,,
2026-09-27T21:40:41.062664+00:00,Azerbaijan Grand Prix,LEC,ferrari,2.0,3,0.9570109425276584,4.0,2026-10-05T21:22:48.820908+00:00,,
2026-09-27T21:40:41.062664+00:00,Azerbaijan Grand Prix,RUS,mercedes,1.0,4,0.963563067052454,1.0,2026-10-05T21:22:48.820908+00:00,,
2026-09-27T21:40:41.062664+00:00,Azerbaijan Grand Prix,PIA,mclaren,3.0,5,0.8317181840128897,13.0,2026-10-05T21:22:48.820908+00:00,,
2026-09-27T21:40:41.062664+00:00,Azerbaijan Grand Prix,HAM,ferrari,7.0,6,0.9057448482011224,6.0,2026-10-05T21:22:48.820908+00:00,,
2026-09-27T21:40:41.062664+00:00,Azerbaijan Grand Prix,VER,red_bull,6.0,7,0.9092383152179284,2.0,2026-10-05T21:22:48.820908+00:00,,
2026-09-27T21:40:41.062664+00:00,Azerbaijan Grand Prix,GAS,alpine,8.0,8,0.8448642242736725,18.0,2026-10-05T21:22:48.820908+00:00,,
2026-09-27T21:40:41.062664+00:00,Azerbaijan Grand Prix,COL,alpine,10.0,9,0.7673228782388474,17.0,2026-10-05T21:22:48.820908+00:00,,
2026-09-27T21:40:41.062664+00:00,Azerbaijan Grand Prix,ANT,mercedes,16.0,10,0.6931889771981253,5.0,2026-10-05T21:22:48.820908+00:00,,
2026-09-27T21:40:41.062664+00:00,Azerbaijan Grand Prix,LAW,rb_alphatauri,12.0,11,0.3707795353529081,12.0,2026-10-05T21:22:48.820908+00:00,,
2026-09-27T21:40:41.062664+00:00,Azerbaijan Grand Prix,BOR,sauber_audi,17.0,12,0.2874359691043548,15.0,2026-10-05T21:22:48.820908+00:00,,
2026-09-27T21:40:41.062664+00:00,Azerbaijan Grand Prix,LIN,rb_alphatauri,15.0,13,0.0647781055567187,7.0,2026-10-05T21:22:48.820908+00:00,,
2026-09-27T21:40:41.062664+00:00,Azerbaijan Grand Prix,HUL,sauber_audi,18.0,14,0.32829087047009,11.0,2026-10-05T21:22:48.820908+00:00,,
2026-09-27T21:40:41.062664+00:00,Azerbaijan Grand Prix,ALB,williams,13.0,15,0.0614591812678637,20.0,2026-10-05T21:22:48.820908+00:00,,
2026-09-27T21:40:41.062664+00:00,Azerbaijan Grand Prix,SAI,williams,9.0,16,0.1732799678224709,10.0,2026-10-05T21:22:48.820908+00:00,,
2026-09-27T21:40:41.062664+00:00,Azerbaijan Grand Prix,BEA,haas,11.0,17,0.1141815437194992,9.0,2026-10-05T21:22:48.820908+00:00,,
2026-09-27T21:40:41.062664+00:00,Azerbaijan Grand Prix,OCO,haas,14.0,18,0.0282306156377052,8.0,2026-10-05T21:22:48.820908+00:00,,
2026-09-27T21:40:41.062664+00:00,Azerbaijan Grand Prix,ALO,aston_martin,19.0,19,0.013348654709996,21.0,2026-10-05T21:22:48.820908+00:00,,
2026-09-27T21:40:41.062664+00:00,Azerbaijan Grand Prix,STR,aston_martin,22.0,20,0.0053110802010285,22.0,2026-10-05T21:22:48.820908+00:00,,
2026-09-27T21:40:41.062664+00:00,Azerbaijan Grand Prix,BOT,cadillac,21.0,21,0.0087224563356296,16.0,2026-10-05T21:22:48.820908+00:00,,
2026-09-27T21:40:41.062664+00:00,Azerbaijan Grand Prix,PER,cadillac,20.0,22,0.0199261708515093,14.0,2026-10-05T21:22:48.820908+00:00,,
2026-10-03T22:57:44.609845+00:00,Bahrain Grand Prix,VER,red_bull,1.0,1,0.9273,1.0,2026-10-05T21:22:48.820908+00:00,0.6,0.8478260869565217
2026-10-03T22:57:44.609845+00:00,Bahrain Grand Prix,HAM,ferrari,2.0,2,0.9152,3.0,2026-10-05T21:22:48.820908+00:00,0.2941176470588235,0.7090909090909091
2026-10-03T22:57:44.609845+00:00,Bahrain Grand Prix,ANT,mercedes,4.0,3,0.8999,2.0,2026-10-05T21:22:48.820908+00:00,0.0458715596330275,0.375
2026-10-03T22:57:44.609845+00:00,Bahrain Grand Prix,HAD,red_bull,3.0,4,0.8784,5.0,2026-10-05T21:22:48.820908+00:00,0.088235294117647,0.375
2026-10-03T22:57:44.609845+00:00,Bahrain Grand Prix,NOR,mclaren,6.0,5,0.8613,9.0,2026-10-05T21:22:48.820908+00:00,0.0067114093959731,0.1304347826086956
2026-10-03T22:57:44.609845+00:00,Bahrain Grand Prix,LEC,ferrari,5.0,6,0.8635,4.0,2026-10-05T21:22:48.820908+00:00,0.0067114093959731,0.1304347826086956
2026-10-03T22:57:44.609845+00:00,Bahrain Grand Prix,PIA,mclaren,7.0,7,0.8375,6.0,2026-10-05T21:22:48.820908+00:00,0.0067114093959731,0.1304347826086956
2026-10-03T22:57:44.609845+00:00,Bahrain Grand Prix,GAS,alpine,9.0,8,0.6533,16.0,2026-10-05T21:22:48.820908+00:00,0.0,0.0476190476190476
2026-10-03T22:57:44.609845+00:00,Bahrain Grand Prix,RUS,mercedes,8.0,9,0.5993,20.0,2026-10-05T21:22:48.820908+00:00,0.0,0.0135135135135135
2026-10-03T22:57:44.609845+00:00,Bahrain Grand Prix,BOR,sauber_audi,10.0,10,0.5269,18.0,2026-10-05T21:22:48.820908+00:00,0.0,0.0078715078715078
2026-10-03T22:57:44.609845+00:00,Bahrain Grand Prix,LAW,rb_alphatauri,11.0,11,0.4986,7.0,2026-10-05T21:22:48.820908+00:00,0.0,0.0135135135135135
2026-10-03T22:57:44.609845+00:00,Bahrain Grand Prix,COL,alpine,12.0,12,0.384,13.0,2026-10-05T21:22:48.820908+00:00,0.0,0.005050505050505
2026-10-03T22:57:44.609845+00:00,Bahrain Grand Prix,LIN,rb_alphatauri,16.0,13,0.203,10.0,2026-10-05T21:22:48.820908+00:00,0.0,0.0
2026-10-03T22:57:44.609845+00:00,Bahrain Grand Prix,ALO,aston_martin,13.0,14,0.1937,8.0,2026-10-05T21:22:48.820908+00:00,0.0,0.0
2026-10-03T22:57:44.609845+00:00,Bahrain Grand Prix,HUL,sauber_audi,17.0,15,0.1838,11.0,2026-10-05T21:22:48.820908+00:00,0.0,0.0
2026-10-03T22:57:44.609845+00:00,Bahrain Grand Prix,STR,aston_martin,15.0,16,0.1795,12.0,2026-10-05T21:22:48.820908+00:00,0.0,0.0
2026-10-03T22:57:44.609845+00:00,Bahrain Grand Prix,SAI,williams,14.0,17,0.1394,17.0,2026-10-05T21:22:48.820908+00:00,0.0,0.0
2026-10-03T22:57:44.609845+00:00,Bahrain Grand Prix,OCO,haas,19.0,18,0.0875,15.0,2026-10-05T21:22:48.820908+00:00,0.0,0.0
2026-10-03T22:57:44.609845+00:00,Bahrain Grand Prix,BEA,haas,18.0,19,0.0774,14.0,2026-10-05T21:22:48.820908+00:00,0.0,0.0
2026-10-03T22:57:44.609845+00:00,Bahrain Grand Prix,ALB,williams,20.0,20,0.0531,21.0,2026-10-05T21:22:48.820908+00:00,0.0,0.0
2026-10-03T22:57:44.609845+00:00,Bahrain Grand Prix,BOT,cadillac,21.0,21,0.0254,22.0,2026-10-05T21:22:48.820908+00:00,0.0,0.0
2026-10-03T22:57:44.609845+00:00,Bahrain Grand Prix,PER,cadillac,22.0,22,0.012,19.0,2026-10-05T21:22:48.820908+00:00,0.0,0.0
