predicted_at,gp,driver,team_id,predicted_quali_position,pole_probability,top3_probability,q3_probability,expected_quali_position,baseline_rolling_quali_pos,baseline_last_year_quali_pos,actual_quali_position,scored_at
2026-10-03T19:23:16.165975+00:00,Bahrain Grand Prix,ANT,mercedes,1,0.1696,0.4235,0.8999,5.1265,3.4,,4.0,2026-10-05T21:22:49.801541+00:00
2026-10-03T19:23:16.165975+00:00,Bahrain Grand Prix,VER,red_bull,2,0.1526,0.3929,0.8771,5.442,4.8,,1.0,2026-10-05T21:22:49.801541+00:00
2026-10-03T19:23:16.165975+00:00,Bahrain Grand Prix,NOR,mclaren,3,0.1265,0.3491,0.8465,5.9688,3.0,,6.0,2026-10-05T21:22:49.801541+00:00
2026-10-03T19:23:16.165975+00:00,Bahrain Grand Prix,PIA,mclaren,4,0.1065,0.3206,0.8296,6.2564,5.2,,7.0,2026-10-05T21:22:49.801541+00:00
2026-10-03T19:23:16.165975+00:00,Bahrain Grand Prix,HAM,ferrari,5,0.1088,0.3145,0.8289,6.2767,4.4,,2.0,2026-10-05T21:22:49.801541+00:00
2026-10-03T19:23:16.165975+00:00,Bahrain Grand Prix,RUS,mercedes,6,0.0929,0.2874,0.8147,6.5514,4.2,,8.0,2026-10-05T21:22:49.801541+00:00
2026-10-03T19:23:16.165975+00:00,Bahrain Grand Prix,LEC,ferrari,7,0.0924,0.279,0.8063,6.6194,4.6,,5.0,2026-10-05T21:22:49.801541+00:00
2026-10-03T19:23:16.165975+00:00,Bahrain Grand Prix,LAW,red_bull,8,0.056,0.1956,0.7297,7.7475,10.4,,11.0,2026-10-05T21:22:49.801541+00:00
2026-10-03T19:23:16.165975+00:00,Bahrain Grand Prix,GAS,alpine,9,0.0243,0.1058,0.5747,9.5333,10.0,,9.0,2026-10-05T21:22:49.801541+00:00
2026-10-03T19:23:16.165975+00:00,Bahrain Grand Prix,COL,alpine,10,0.0189,0.0803,0.5161,10.2164,11.4,,15.0,2026-10-05T21:22:49.801541+00:00
2026-10-03T19:23:16.165975+00:00,Bahrain Grand Prix,HUL,sauber_audi,11,0.0147,0.0653,0.4894,10.5837,12.2,,17.0,2026-10-05T21:22:49.801541+00:00
2026-10-03T19:23:16.165975+00:00,Bahrain Grand Prix,LIN,rb_alphatauri,12,0.0158,0.0678,0.4748,10.6778,9.4,,16.0,2026-10-05T21:22:49.801541+00:00
2026-10-03T19:23:16.165975+00:00,Bahrain Grand Prix,BOR,sauber_audi,13,0.0132,0.063,0.4626,10.8092,11.0,,10.0,2026-10-05T21:22:49.801541+00:00
2026-10-03T19:23:16.165975+00:00,Bahrain Grand Prix,TSU,rb_alphatauri,14,0.0037,0.0254,0.2822,12.9765,14.0,,,
2026-10-03T19:23:16.165975+00:00,Bahrain Grand Prix,OCO,haas,15,0.0021,0.0133,0.1876,14.2857,15.4,,19.0,2026-10-05T21:22:49.801541+00:00
2026-10-03T19:23:16.165975+00:00,Bahrain Grand Prix,SAI,williams,16,0.0014,0.0061,0.1289,15.3094,16.4,,13.0,2026-10-05T21:22:49.801541+00:00
2026-10-03T19:23:16.165975+00:00,Bahrain Grand Prix,BEA,haas,17,0.0003,0.0055,0.1167,15.6004,16.25,,18.0,2026-10-05T21:22:49.801541+00:00
2026-10-03T19:23:16.165975+00:00,Bahrain Grand Prix,ALB,williams,18,0.0002,0.0037,0.0805,16.4557,17.2,,20.0,2026-10-05T21:22:49.801541+00:00
2026-10-03T19:23:16.165975+00:00,Bahrain Grand Prix,ALO,aston_martin,19,0.0,0.0006,0.0239,18.3742,18.8,,12.0,2026-10-05T21:22:49.801541+00:00
2026-10-03T19:23:16.165975+00:00,Bahrain Grand Prix,BOT,cadillac,20,0.0001,0.0004,0.0123,19.1664,20.0,,21.0,2026-10-05T21:22:49.801541+00:00
2026-10-03T19:23:16.165975+00:00,Bahrain Grand Prix,PER,cadillac,21,0.0,0.0002,0.0106,19.4676,20.6,,22.0,2026-10-05T21:22:49.801541+00:00
2026-10-03T19:23:16.165975+00:00,Bahrain Grand Prix,STR,aston_martin,22,0.0,0.0,0.007,19.555,20.75,,14.0,2026-10-05T21:22:49.801541+00:00
