predicted_at,gp,driver,team_id,grid,predicted_position,win_probability,podium_probability,points_probability,actual_position,scored_at
2026-10-05T21:22:59.404730+00:00,Singapore Grand Prix,ANT,mercedes,,1,0.0975609756097561,0.3888888888888889,0.8535,,
2026-10-05T21:22:59.404730+00:00,Singapore Grand Prix,NOR,mclaren,,2,0.0975609756097561,0.3888888888888889,0.8253,,
2026-10-05T21:22:59.404730+00:00,Singapore Grand Prix,VER,red_bull,,3,0.0975609756097561,0.25925925925925924,0.82,,
2026-10-05T21:22:59.404730+00:00,Singapore Grand Prix,HAM,ferrari,,4,0.05063291139240506,0.25925925925925924,0.7933,,
2026-10-05T21:22:59.404730+00:00,Singapore Grand Prix,PIA,mclaren,,5,0.05063291139240506,0.25925925925925924,0.7925,,
2026-10-05T21:22:59.404730+00:00,Singapore Grand Prix,LEC,ferrari,,6,0.05063291139240506,0.25925925925925924,0.7737,,
2026-10-05T21:22:59.404730+00:00,Singapore Grand Prix,RUS,mercedes,,7,0.05063291139240506,0.11235955056179775,0.7539,,
2026-10-05T21:22:59.404730+00:00,Singapore Grand Prix,LAW,red_bull,,8,0.007633587786259542,0.11235955056179775,0.7044,,
2026-10-05T21:22:59.404730+00:00,Singapore Grand Prix,GAS,alpine,,9,0.007633587786259542,0.10909090909090909,0.6146,,
2026-10-05T21:22:59.404730+00:00,Singapore Grand Prix,COL,alpine,,10,0.007633587786259542,0.10909090909090909,0.5307,,
2026-10-05T21:22:59.404730+00:00,Singapore Grand Prix,LIN,rb_alphatauri,,11,0.007633587786259542,0.10909090909090909,0.5263,,
2026-10-05T21:22:59.404730+00:00,Singapore Grand Prix,HUL,sauber_audi,,12,0.007633587786259542,0.10909090909090909,0.5238,,
2026-10-05T21:22:59.404730+00:00,Singapore Grand Prix,BOR,sauber_audi,,13,0.007633587786259542,0.06666666666666667,0.4945,,
2026-10-05T21:22:59.404730+00:00,Singapore Grand Prix,TSU,rb_alphatauri,,14,0.0,0.014285714285714285,0.3455,,
2026-10-05T21:22:59.404730+00:00,Singapore Grand Prix,OCO,haas,,15,0.0,0.008264462809917356,0.1901,,
2026-10-05T21:22:59.404730+00:00,Singapore Grand Prix,SAI,williams,,16,0.0,0.0,0.1412,,
2026-10-05T21:22:59.404730+00:00,Singapore Grand Prix,BEA,haas,,17,0.0,0.0,0.1288,,
2026-10-05T21:22:59.404730+00:00,Singapore Grand Prix,ALB,williams,,18,0.0,0.0,0.0953,,
2026-10-05T21:22:59.404730+00:00,Singapore Grand Prix,ALO,aston_martin,,19,0.0,0.0,0.0354,,
2026-10-05T21:22:59.404730+00:00,Singapore Grand Prix,BOT,cadillac,,20,0.0,0.0,0.0213,,
2026-10-05T21:22:59.404730+00:00,Singapore Grand Prix,STR,aston_martin,,21,0.0,0.0,0.0183,,
2026-10-05T21:22:59.404730+00:00,Singapore Grand Prix,PER,cadillac,,22,0.0,0.0,0.0176,,
